Sort 1,,,,,,,,Shell,Quick,Insertion
Sort 1,14,0,,Data Size,Average Exchanges,,,Sort 1,Sort 2,Sort 3
,19,0,Sort 1,x < 2000,0.731481481,,x < 2000,0,0,0.731481481
,37,0,,2000<=x<4000,7.347368421,,2000<=x<4000,0,0,7.347368421
,52,0,,4000<=x<6000,20.57,,4000<=x<6000,0,0.004739336,20.57
,52,0,,6000<=x<8000,42.42857143,,6000<=x<8000,0.014354067,0.031088083,42.42857143
,57,0,,8000<=x<10000,68.35602094,,8000<=x<10000,0.004950495,0.451282051,68.35602094
,68,0,Sort 2,x < 2000,0,,,,,
,77,0,,2000<=x<4000,0,,,,,
,85,0,,4000<=x<6000,0.004739336,,,Sort 2,Sort 3,
,92,0,,6000<=x<8000,0.031088083,,x < 2000,0,0,
,108,0,,8000<=x<10000,0.451282051,,2000<=x<4000,0,0,
,116,0,Sort 3,x < 2000,0,,4000<=x<6000,0.004739336,0,
,137,0,,2000<=x<4000,0,,6000<=x<8000,0.031088083,0.014354067,
,150,0,,4000<=x<6000,0,,8000<=x<10000,0.451282051,0.004950495,
,151,0,,6000<=x<8000,0.014354067,,,,,
,156,0,,8000<=x<10000,0.004950495,,,,,
,157,0,,,,,,,,
,159,0,,,,,,,,
,170,0,,,,,,,,
,171,0,,,,,,,,
,174,0,,,,,,,,
,178,0,,,,,,,,
,189,0,,,,,,,,
,201,0,,,,,,,,
,205,0,,,,,,,,
,225,0,,,,,,,,
,241,0,,,,,,,,
,243,0,,,,,,,,
,245,0,,,,,,,,
,246,0,,,,,,,,
,246,0,,,,,,,,
,251,0,,,,,,,,
,256,0,,,,,,,,
,278,0,,,,,,,,
,296,0,,,,,,,,
,301,0,,,,,,,,
,310,0,,,,,,,,
,333,0,,,,,,,,
,339,0,,,,,,,,
,356,0,,,,,,,,
,360,0,,,,,,,,
,370,0,,,,,,,,
,400,0,,,,,,,,
,406,0,,,,,,,,
,413,0,,,,,,,,
,417,0,,,,,,,,
,438,0,,,,,,,,
,447,0,,,,,,,,
,456,0,,,,,,,,
,457,0,,,,,,,,
,470,0,,,,,,,,
,472,0,,,,,,,,
,473,0,,,,,,,,
,476,0,,,,,,,,
,477,0,,,,,,,,
,478,0,,,,,,,,
,486,0,,,,,,,,
,494,0,,,,,,,,
,501,0,,,,,,,,
,509,0,,,,,,,,
,513,0,,,,,,,,
,519,0,,,,,,,,
,519,0,,,,,,,,
,526,0,,,,,,,,
,533,0,,,,,,,,
,543,0,,,,,,,,
,549,0,,,,,,,,
,553,0,,,,,,,,
,557,0,,,,,,,,
,562,0,,,,,,,,
,570,0,,,,,,,,
,571,0,,,,,,,,
,593,0,,,,,,,,
,594,0,,,,,,,,
,618,0,,,,,,,,
,620,0,,,,,,,,
,621,0,,,,,,,,
,648,0,,,,,,,,
,666,0,,,,,,,,
,685,0,,,,,,,,
,685,0,,,,,,,,
,685,0,,,,,,,,
,698,0,,,,,,,,
,699,0,,,,,,,,
,701,0,,,,,,,,
,727,0,,,,,,,,
,732,0,,,,,,,,
,732,0,,,,,,,,
,738,0,,,,,,,,
,750,0,,,,,,,,
,750,0,,,,,,,,
,753,0,,,,,,,,
,753,0,,,,,,,,
,769,0,,,,,,,,
,784,0,,,,,,,,
,826,0,,,,,,,,
,836,0,,,,,,,,
,844,0,,,,,,,,
,854,0,,,,,,,,
,859,0,,,,,,,,
,875,0,,,,,,,,
,885,0,,,,,,,,
,894,0,,,,,,,,
,925,0,,,,,,,,
,931,0,,,,,,,,
,939,0,,,,,,,,
,948,0,,,,,,,,
,967,0,,,,,,,,
,970,0,,,,,,,,
,978,0,,,,,,,,
,982,0,,,,,,,,
,984,0,,,,,,,,
,995,0,,,,,,,,
,997,0,,,,,,,,
,1010,0,,,,,,,,
,1025,0,,,,,,,,
,1027,0,,,,,,,,
,1048,0,,,,,,,,
,1048,0,,,,,,,,
,1049,1,,,,,,,,
,1073,0,,,,,,,,
,1075,0,,,,,,,,
,1079,0,,,,,,,,
,1085,1,,,,,,,,
,1087,1,,,,,,,,
,1090,1,,,,,,,,
,1097,1,,,,,,,,
,1110,1,,,,,,,,
,1127,1,,,,,,,,
,1163,1,,,,,,,,
,1185,1,,,,,,,,
,1206,1,,,,,,,,
,1206,1,,,,,,,,
,1213,1,,,,,,,,
,1226,1,,,,,,,,
,1240,1,,,,,,,,
,1243,1,,,,,,,,
,1246,1,,,,,,,,
,1253,1,,,,,,,,
,1259,1,,,,,,,,
,1265,1,,,,,,,,
,1275,1,,,,,,,,
,1278,1,,,,,,,,
,1281,1,,,,,,,,
,1285,1,,,,,,,,
,1288,1,,,,,,,,
,1324,1,,,,,,,,
,1334,1,,,,,,,,
,1338,1,,,,,,,,
,1346,1,,,,,,,,
,1368,1,,,,,,,,
,1380,1,,,,,,,,
,1384,1,,,,,,,,
,1400,1,,,,,,,,
,1407,1,,,,,,,,
,1419,1,,,,,,,,
,1420,1,,,,,,,,
,1432,1,,,,,,,,
,1449,1,,,,,,,,
,1452,1,,,,,,,,
,1457,1,,,,,,,,
,1460,1,,,,,,,,
,1476,1,,,,,,,,
,1491,1,,,,,,,,
,1492,1,,,,,,,,
,1493,1,,,,,,,,
,1496,2,,,,,,,,
,1520,1,,,,,,,,
,1527,1,,,,,,,,
,1527,2,,,,,,,,
,1562,2,,,,,,,,
,1563,2,,,,,,,,
,1572,2,,,,,,,,
,1588,2,,,,,,,,
,1592,2,,,,,,,,
,1593,2,,,,,,,,
,1594,2,,,,,,,,
,1597,2,,,,,,,,
,1600,2,,,,,,,,
,1607,2,,,,,,,,
,1634,2,,,,,,,,
,1649,2,,,,,,,,
,1651,2,,,,,,,,
,1659,2,,,,,,,,
,1660,2,,,,,,,,
,1666,2,,,,,,,,
,1681,2,,,,,,,,
,1705,2,,,,,,,,
,1713,2,,,,,,,,
,1725,2,,,,,,,,
,1743,2,,,,,,,,
,1746,2,,,,,,,,
,1762,3,,,,,,,,
,1766,2,,,,,,,,
,1768,2,,,,,,,,
,1776,2,,,,,,,,
,1813,4,,,,,,,,
,1818,2,,,,,,,,
,1820,2,,,,,,,,
,1859,2,,,,,,,,
,1861,2,,,,,,,,
,1861,2,,,,,,,,
,1868,3,,,,,,,,
,1872,2,,,,,,,,
,1874,2,,,,,,,,
,1875,3,,,,,,,,
,1895,3,,,,,,,,
,1912,3,,,,,,,,
,1944,3,,,,,,,,
,1947,4,,,,,,,,
,1956,3,,,,,,,,
,1963,3,,,,,,,,
,1986,3,,,,,,,,
,1987,3,,,,,,,,
,1990,3,,,,,,,,
,1993,3,,,,,,,,
,2002,3,,,,,,,,
,2019,3,,,,,,,,
,2037,3,,,,,,,,
,2055,3,,,,,,,,
,2063,3,,,,,,,,
,2082,3,,,,,,,,
,2088,3,,,,,,,,
,2103,3,,,,,,,,
,2106,3,,,,,,,,
,2125,3,,,,,,,,
,2130,3,,,,,,,,
,2132,3,,,,,,,,
,2147,3,,,,,,,,
,2148,4,,,,,,,,
,2154,4,,,,,,,,
,2163,4,,,,,,,,
,2173,3,,,,,,,,
,2182,4,,,,,,,,
,2187,4,,,,,,,,
,2206,3,,,,,,,,
,2207,4,,,,,,,,
,2207,4,,,,,,,,
,2208,4,,,,,,,,
,2214,4,,,,,,,,
,2237,4,,,,,,,,
,2240,4,,,,,,,,
,2240,4,,,,,,,,
,2254,4,,,,,,,,
,2259,4,,,,,,,,
,2289,4,,,,,,,,
,2297,4,,,,,,,,
,2300,4,,,,,,,,
,2308,4,,,,,,,,
,2310,4,,,,,,,,
,2347,4,,,,,,,,
,2358,4,,,,,,,,
,2372,4,,,,,,,,
,2402,5,,,,,,,,
,2404,5,,,,,,,,
,2406,5,,,,,,,,
,2409,4,,,,,,,,
,2417,4,,,,,,,,
,2424,4,,,,,,,,
,2455,5,,,,,,,,
,2458,5,,,,,,,,
,2468,5,,,,,,,,
,2486,5,,,,,,,,
,2490,5,,,,,,,,
,2494,5,,,,,,,,
,2517,5,,,,,,,,
,2519,5,,,,,,,,
,2534,5,,,,,,,,
,2540,5,,,,,,,,
,2547,5,,,,,,,,
,2568,5,,,,,,,,
,2575,5,,,,,,,,
,2578,5,,,,,,,,
,2579,6,,,,,,,,
,2585,5,,,,,,,,
,2585,6,,,,,,,,
,2587,5,,,,,,,,
,2590,5,,,,,,,,
,2613,5,,,,,,,,
,2614,5,,,,,,,,
,2628,5,,,,,,,,
,2649,5,,,,,,,,
,2656,6,,,,,,,,
,2670,5,,,,,,,,
,2683,6,,,,,,,,
,2683,6,,,,,,,,
,2684,6,,,,,,,,
,2717,6,,,,,,,,
,2737,6,,,,,,,,
,2746,6,,,,,,,,
,2746,6,,,,,,,,
,2769,6,,,,,,,,
,2775,6,,,,,,,,
,2792,6,,,,,,,,
,2819,6,,,,,,,,
,2831,6,,,,,,,,
,2834,7,,,,,,,,
,2856,7,,,,,,,,
,2865,6,,,,,,,,
,2865,6,,,,,,,,
,2891,7,,,,,,,,
,2901,7,,,,,,,,
,2901,7,,,,,,,,
,2909,6,,,,,,,,
,2912,7,,,,,,,,
,2923,7,,,,,,,,
,2932,7,,,,,,,,
,2953,7,,,,,,,,
,2988,7,,,,,,,,
,3003,7,,,,,,,,
,3009,7,,,,,,,,
,3038,7,,,,,,,,
,3052,7,,,,,,,,
,3063,8,,,,,,,,
,3078,8,,,,,,,,
,3081,8,,,,,,,,
,3085,8,,,,,,,,
,3087,7,,,,,,,,
,3089,7,,,,,,,,
,3118,8,,,,,,,,
,3137,8,,,,,,,,
,3150,8,,,,,,,,
,3150,8,,,,,,,,
,3168,8,,,,,,,,
,3169,8,,,,,,,,
,3173,8,,,,,,,,
,3193,8,,,,,,,,
,3202,8,,,,,,,,
,3219,8,,,,,,,,
,3222,8,,,,,,,,
,3240,8,,,,,,,,
,3244,8,,,,,,,,
,3250,9,,,,,,,,
,3258,8,,,,,,,,
,3269,9,,,,,,,,
,3273,8,,,,,,,,
,3300,8,,,,,,,,
,3304,9,,,,,,,,
,3322,9,,,,,,,,
,3334,9,,,,,,,,
,3337,9,,,,,,,,
,3338,9,,,,,,,,
,3344,9,,,,,,,,
,3359,9,,,,,,,,
,3361,9,,,,,,,,
,3384,10,,,,,,,,
,3401,9,,,,,,,,
,3403,9,,,,,,,,
,3405,9,,,,,,,,
,3429,9,,,,,,,,
,3438,9,,,,,,,,
,3444,9,,,,,,,,
,3447,9,,,,,,,,
,3448,10,,,,,,,,
,3451,9,,,,,,,,
,3454,9,,,,,,,,
,3458,10,,,,,,,,
,3467,10,,,,,,,,
,3480,10,,,,,,,,
,3497,10,,,,,,,,
,3497,10,,,,,,,,
,3505,10,,,,,,,,
,3513,10,,,,,,,,
,3536,10,,,,,,,,
,3540,11,,,,,,,,
,3558,10,,,,,,,,
,3564,10,,,,,,,,
,3601,10,,,,,,,,
,3618,10,,,,,,,,
,3621,11,,,,,,,,
,3636,11,,,,,,,,
,3638,11,,,,,,,,
,3645,11,,,,,,,,
,3645,11,,,,,,,,
,3647,11,,,,,,,,
,3655,11,,,,,,,,
,3658,10,,,,,,,,
,3674,11,,,,,,,,
,3684,12,,,,,,,,
,3687,11,,,,,,,,
,3693,11,,,,,,,,
,3699,11,,,,,,,,
,3708,11,,,,,,,,
,3726,11,,,,,,,,
,3731,11,,,,,,,,
,3744,11,,,,,,,,
,3751,11,,,,,,,,
,3762,11,,,,,,,,
,3765,11,,,,,,,,
,3770,12,,,,,,,,
,3776,11,,,,,,,,
,3789,12,,,,,,,,
,3794,12,,,,,,,,
,3797,12,,,,,,,,
,3804,12,,,,,,,,
,3822,12,,,,,,,,
,3823,11,,,,,,,,
,3845,12,,,,,,,,
,3849,12,,,,,,,,
,3859,12,,,,,,,,
,3869,12,,,,,,,,
,3917,13,,,,,,,,
,3917,12,,,,,,,,
,3923,12,,,,,,,,
,3932,12,,,,,,,,
,3989,13,,,,,,,,
,4009,13,,,,,,,,
,4027,13,,,,,,,,
,4027,13,,,,,,,,
,4035,13,,,,,,,,
,4057,13,,,,,,,,
,4076,14,,,,,,,,
,4101,13,,,,,,,,
,4104,13,,,,,,,,
,4107,14,,,,,,,,
,4112,14,,,,,,,,
,4118,14,,,,,,,,
,4122,14,,,,,,,,
,4127,14,,,,,,,,
,4132,14,,,,,,,,
,4139,14,,,,,,,,
,4158,14,,,,,,,,
,4162,14,,,,,,,,
,4166,14,,,,,,,,
,4185,14,,,,,,,,
,4204,15,,,,,,,,
,4212,14,,,,,,,,
,4228,15,,,,,,,,
,4235,16,,,,,,,,
,4240,15,,,,,,,,
,4241,15,,,,,,,,
,4245,15,,,,,,,,
,4265,15,,,,,,,,
,4270,15,,,,,,,,
,4279,15,,,,,,,,
,4283,15,,,,,,,,
,4298,15,,,,,,,,
,4299,16,,,,,,,,
,4303,15,,,,,,,,
,4305,15,,,,,,,,
,4319,15,,,,,,,,
,4321,16,,,,,,,,
,4329,16,,,,,,,,
,4344,17,,,,,,,,
,4350,16,,,,,,,,
,4355,16,,,,,,,,
,4359,16,,,,,,,,
,4360,15,,,,,,,,
,4364,15,,,,,,,,
,4371,15,,,,,,,,
,4373,15,,,,,,,,
,4376,16,,,,,,,,
,4377,16,,,,,,,,
,4381,15,,,,,,,,
,4385,16,,,,,,,,
,4404,16,,,,,,,,
,4404,20,,,,,,,,
,4411,16,,,,,,,,
,4420,19,,,,,,,,
,4422,17,,,,,,,,
,4425,15,,,,,,,,
,4469,16,,,,,,,,
,4483,16,,,,,,,,
,4491,16,,,,,,,,
,4492,17,,,,,,,,
,4516,16,,,,,,,,
,4547,17,,,,,,,,
,4567,17,,,,,,,,
,4568,17,,,,,,,,
,4596,17,,,,,,,,
,4596,17,,,,,,,,
,4598,17,,,,,,,,
,4611,17,,,,,,,,
,4629,17,,,,,,,,
,4631,17,,,,,,,,
,4635,17,,,,,,,,
,4647,17,,,,,,,,
,4648,18,,,,,,,,
,4656,17,,,,,,,,
,4658,18,,,,,,,,
,4667,18,,,,,,,,
,4688,18,,,,,,,,
,4689,18,,,,,,,,
,4692,18,,,,,,,,
,4698,20,,,,,,,,
,4710,19,,,,,,,,
,4711,18,,,,,,,,
,4731,19,,,,,,,,
,4735,19,,,,,,,,
,4750,18,,,,,,,,
,4750,18,,,,,,,,
,4753,19,,,,,,,,
,4767,18,,,,,,,,
,4769,19,,,,,,,,
,4814,19,,,,,,,,
,4825,19,,,,,,,,
,4826,19,,,,,,,,
,4834,19,,,,,,,,
,4837,19,,,,,,,,
,4853,20,,,,,,,,
,4862,19,,,,,,,,
,4865,20,,,,,,,,
,4871,20,,,,,,,,
,4876,19,,,,,,,,
,4878,19,,,,,,,,
,4878,20,,,,,,,,
,4882,20,,,,,,,,
,4899,19,,,,,,,,
,4909,24,,,,,,,,
,4910,20,,,,,,,,
,4924,20,,,,,,,,
,4943,21,,,,,,,,
,4944,20,,,,,,,,
,4970,20,,,,,,,,
,4973,20,,,,,,,,
,4987,24,,,,,,,,
,4993,20,,,,,,,,
,4997,21,,,,,,,,
,5007,20,,,,,,,,
,5023,21,,,,,,,,
,5027,21,,,,,,,,
,5028,21,,,,,,,,
,5034,21,,,,,,,,
,5044,22,,,,,,,,
,5055,21,,,,,,,,
,5074,21,,,,,,,,
,5085,21,,,,,,,,
,5096,22,,,,,,,,
,5102,21,,,,,,,,
,5118,21,,,,,,,,
,5133,22,,,,,,,,
,5148,21,,,,,,,,
,5149,22,,,,,,,,
,5184,22,,,,,,,,
,5185,22,,,,,,,,
,5189,22,,,,,,,,
,5203,23,,,,,,,,
,5221,27,,,,,,,,
,5240,23,,,,,,,,
,5249,22,,,,,,,,
,5252,23,,,,,,,,
,5257,23,,,,,,,,
,5263,22,,,,,,,,
,5272,23,,,,,,,,
,5315,23,,,,,,,,
,5323,23,,,,,,,,
,5340,23,,,,,,,,
,5360,25,,,,,,,,
,5368,25,,,,,,,,
,5400,24,,,,,,,,
,5404,26,,,,,,,,
,5405,24,,,,,,,,
,5406,23,,,,,,,,
,5409,25,,,,,,,,
,5410,28,,,,,,,,
,5411,25,,,,,,,,
,5425,24,,,,,,,,
,5454,24,,,,,,,,
,5455,23,,,,,,,,
,5461,25,,,,,,,,
,5471,24,,,,,,,,
,5475,25,,,,,,,,
,5503,25,,,,,,,,
,5508,25,,,,,,,,
,5509,25,,,,,,,,
,5527,23,,,,,,,,
,5543,25,,,,,,,,
,5551,26,,,,,,,,
,5553,26,,,,,,,,
,5575,27,,,,,,,,
,5582,27,,,,,,,,
,5598,26,,,,,,,,
,5617,27,,,,,,,,
,5622,27,,,,,,,,
,5624,26,,,,,,,,
,5634,27,,,,,,,,
,5636,28,,,,,,,,
,5655,26,,,,,,,,
,5661,26,,,,,,,,
,5709,27,,,,,,,,
,5717,27,,,,,,,,
,5726,31,,,,,,,,
,5735,28,,,,,,,,
,5764,29,,,,,,,,
,5764,28,,,,,,,,
,5781,27,,,,,,,,
,5783,28,,,,,,,,
,5786,26,,,,,,,,
,5788,27,,,,,,,,
,5828,28,,,,,,,,
,5830,28,,,,,,,,
,5832,29,,,,,,,,
,5832,28,,,,,,,,
,5839,27,,,,,,,,
,5879,34,,,,,,,,
,5903,31,,,,,,,,
,5922,29,,,,,,,,
,5950,29,,,,,,,,
,5953,30,,,,,,,,
,5960,31,,,,,,,,
,5969,29,,,,,,,,
,5974,29,,,,,,,,
,5976,30,,,,,,,,
,5977,30,,,,,,,,
,5991,30,,,,,,,,
,5998,29,,,,,,,,
,6011,31,,,,,,,,
,6017,31,,,,,,,,
,6017,38,,,,,,,,
,6032,31,,,,,,,,
,6034,31,,,,,,,,
,6049,31,,,,,,,,
,6068,33,,,,,,,,
,6074,35,,,,,,,,
,6077,32,,,,,,,,
,6080,32,,,,,,,,
,6118,30,,,,,,,,
,6131,30,,,,,,,,
,6151,31,,,,,,,,
,6157,33,,,,,,,,
,6160,32,,,,,,,,
,6182,31,,,,,,,,
,6203,42,,,,,,,,
,6209,32,,,,,,,,
,6218,31,,,,,,,,
,6227,31,,,,,,,,
,6255,33,,,,,,,,
,6256,32,,,,,,,,
,6284,32,,,,,,,,
,6286,32,,,,,,,,
,6294,32,,,,,,,,
,6315,37,,,,,,,,
,6341,34,,,,,,,,
,6341,34,,,,,,,,
,6342,33,,,,,,,,
,6354,34,,,,,,,,
,6357,34,,,,,,,,
,6373,33,,,,,,,,
,6375,34,,,,,,,,
,6381,33,,,,,,,,
,6386,34,,,,,,,,
,6411,34,,,,,,,,
,6419,35,,,,,,,,
,6422,34,,,,,,,,
,6431,34,,,,,,,,
,6442,35,,,,,,,,
,6471,36,,,,,,,,
,6507,36,,,,,,,,
,6514,36,,,,,,,,
,6516,35,,,,,,,,
,6555,36,,,,,,,,
,6569,36,,,,,,,,
,6588,37,,,,,,,,
,6595,36,,,,,,,,
,6599,37,,,,,,,,
,6615,36,,,,,,,,
,6620,38,,,,,,,,
,6621,37,,,,,,,,
,6658,36,,,,,,,,
,6668,36,,,,,,,,
,6672,37,,,,,,,,
,6673,36,,,,,,,,
,6701,38,,,,,,,,
,6711,38,,,,,,,,
,6726,38,,,,,,,,
,6757,37,,,,,,,,
,6762,37,,,,,,,,
,6774,37,,,,,,,,
,6793,37,,,,,,,,
,6801,37,,,,,,,,
,6819,39,,,,,,,,
,6820,39,,,,,,,,
,6828,41,,,,,,,,
,6839,39,,,,,,,,
,6849,41,,,,,,,,
,6849,41,,,,,,,,
,6861,41,,,,,,,,
,6863,38,,,,,,,,
,6878,40,,,,,,,,
,6893,39,,,,,,,,
,6894,41,,,,,,,,
,6903,39,,,,,,,,
,6904,52,,,,,,,,
,6928,41,,,,,,,,
,6935,40,,,,,,,,
,6939,43,,,,,,,,
,6956,41,,,,,,,,
,6957,41,,,,,,,,
,6962,41,,,,,,,,
,6974,42,,,,,,,,
,6975,39,,,,,,,,
,7013,41,,,,,,,,
,7021,41,,,,,,,,
,7029,43,,,,,,,,
,7033,40,,,,,,,,
,7039,40,,,,,,,,
,7061,41,,,,,,,,
,7069,42,,,,,,,,
,7070,47,,,,,,,,
,7072,41,,,,,,,,
,7080,41,,,,,,,,
,7089,41,,,,,,,,
,7090,57,,,,,,,,
,7094,41,,,,,,,,
,7102,43,,,,,,,,
,7134,42,,,,,,,,
,7136,44,,,,,,,,
,7153,42,,,,,,,,
,7163,42,,,,,,,,
,7164,43,,,,,,,,
,7165,44,,,,,,,,
,7167,43,,,,,,,,
,7182,43,,,,,,,,
,7184,43,,,,,,,,
,7187,43,,,,,,,,
,7193,46,,,,,,,,
,7206,43,,,,,,,,
,7216,43,,,,,,,,
,7226,45,,,,,,,,
,7227,42,,,,,,,,
,7235,43,,,,,,,,
,7271,45,,,,,,,,
,7273,43,,,,,,,,
,7282,43,,,,,,,,
,7285,44,,,,,,,,
,7291,45,,,,,,,,
,7293,44,,,,,,,,
,7306,45,,,,,,,,
,7309,44,,,,,,,,
,7320,45,,,,,,,,
,7326,46,,,,,,,,
,7344,44,,,,,,,,
,7360,44,,,,,,,,
,7368,48,,,,,,,,
,7379,45,,,,,,,,
,7379,45,,,,,,,,
,7381,47,,,,,,,,
,7389,45,,,,,,,,
,7400,46,,,,,,,,
,7417,56,,,,,,,,
,7418,46,,,,,,,,
,7420,45,,,,,,,,
,7430,45,,,,,,,,
,7431,45,,,,,,,,
,7431,47,,,,,,,,
,7443,45,,,,,,,,
,7452,47,,,,,,,,
,7463,46,,,,,,,,
,7485,46,,,,,,,,
,7486,52,,,,,,,,
,7487,47,,,,,,,,
,7501,46,,,,,,,,
,7504,50,,,,,,,,
,7505,48,,,,,,,,
,7507,48,,,,,,,,
,7510,47,,,,,,,,
,7518,46,,,,,,,,
,7521,46,,,,,,,,
,7527,47,,,,,,,,
,7529,48,,,,,,,,
,7533,48,,,,,,,,
,7555,47,,,,,,,,
,7561,47,,,,,,,,
,7561,46,,,,,,,,
,7572,46,,,,,,,,
,7589,48,,,,,,,,
,7589,47,,,,,,,,
,7592,50,,,,,,,,
,7593,48,,,,,,,,
,7604,48,,,,,,,,
,7615,55,,,,,,,,
,7620,47,,,,,,,,
,7624,49,,,,,,,,
,7633,48,,,,,,,,
,7666,49,,,,,,,,
,7668,50,,,,,,,,
,7668,49,,,,,,,,
,7671,48,,,,,,,,
,7680,47,,,,,,,,
,7688,49,,,,,,,,
,7705,49,,,,,,,,
,7713,50,,,,,,,,
,7713,50,,,,,,,,
,7717,49,,,,,,,,
,7724,49,,,,,,,,
,7735,53,,,,,,,,
,7746,50,,,,,,,,
,7750,52,,,,,,,,
,7761,51,,,,,,,,
,7761,50,,,,,,,,
,7782,49,,,,,,,,
,7788,50,,,,,,,,
,7796,53,,,,,,,,
,7802,51,,,,,,,,
,7802,51,,,,,,,,
,7829,53,,,,,,,,
,7830,51,,,,,,,,
,7862,52,,,,,,,,
,7878,52,,,,,,,,
,7898,51,,,,,,,,
,7911,52,,,,,,,,
,7913,53,,,,,,,,
,7945,53,,,,,,,,
,7947,53,,,,,,,,
,7966,55,,,,,,,,
,7970,55,,,,,,,,
,7987,52,,,,,,,,
,7997,53,,,,,,,,
,7998,55,,,,,,,,
,8008,53,,,,,,,,
,8018,54,,,,,,,,
,8030,56,,,,,,,,
,8052,56,,,,,,,,
,8064,54,,,,,,,,
,8071,54,,,,,,,,
,8080,53,,,,,,,,
,8103,53,,,,,,,,
,8106,56,,,,,,,,
,8110,55,,,,,,,,
,8144,55,,,,,,,,
,8144,55,,,,,,,,
,8145,55,,,,,,,,
,8147,56,,,,,,,,
,8167,54,,,,,,,,
,8167,64,,,,,,,,
,8176,57,,,,,,,,
,8193,63,,,,,,,,
,8195,58,,,,,,,,
,8196,55,,,,,,,,
,8207,57,,,,,,,,
,8215,56,,,,,,,,
,8242,58,,,,,,,,
,8255,57,,,,,,,,
,8259,61,,,,,,,,
,8260,58,,,,,,,,
,8269,56,,,,,,,,
,8288,57,,,,,,,,
,8303,56,,,,,,,,
,8314,60,,,,,,,,
,8314,58,,,,,,,,
,8321,60,,,,,,,,
,8355,54,,,,,,,,
,8358,58,,,,,,,,
,8361,59,,,,,,,,
,8364,57,,,,,,,,
,8369,59,,,,,,,,
,8370,59,,,,,,,,
,8383,58,,,,,,,,
,8387,58,,,,,,,,
,8388,58,,,,,,,,
,8394,58,,,,,,,,
,8398,60,,,,,,,,
,8407,58,,,,,,,,
,8416,59,,,,,,,,
,8424,59,,,,,,,,
,8429,59,,,,,,,,
,8433,70,,,,,,,,
,8437,66,,,,,,,,
,8440,61,,,,,,,,
,8447,60,,,,,,,,
,8466,59,,,,,,,,
,8485,66,,,,,,,,
,8502,60,,,,,,,,
,8526,70,,,,,,,,
,8545,62,,,,,,,,
,8559,63,,,,,,,,
,8577,64,,,,,,,,
,8589,60,,,,,,,,
,8596,61,,,,,,,,
,8604,61,,,,,,,,
,8615,62,,,,,,,,
,8633,62,,,,,,,,
,8642,62,,,,,,,,
,8655,64,,,,,,,,
,8656,62,,,,,,,,
,8659,62,,,,,,,,
,8672,65,,,,,,,,
,8694,64,,,,,,,,
,8696,63,,,,,,,,
,8697,62,,,,,,,,
,8707,61,,,,,,,,
,8709,62,,,,,,,,
,8714,65,,,,,,,,
,8731,63,,,,,,,,
,8757,63,,,,,,,,
,8757,63,,,,,,,,
,8779,63,,,,,,,,
,8781,64,,,,,,,,
,8782,63,,,,,,,,
,8795,63,,,,,,,,
,8815,64,,,,,,,,
,8822,66,,,,,,,,
,8832,66,,,,,,,,
,8852,64,,,,,,,,
,8856,65,,,,,,,,
,8890,64,,,,,,,,
,8919,67,,,,,,,,
,8925,70,,,,,,,,
,8928,66,,,,,,,,
,8936,68,,,,,,,,
,8944,66,,,,,,,,
,8944,65,,,,,,,,
,8972,69,,,,,,,,
,8976,70,,,,,,,,
,8991,68,,,,,,,,
,9005,68,,,,,,,,
,9005,68,,,,,,,,
,9012,68,,,,,,,,
,9033,69,,,,,,,,
,9034,67,,,,,,,,
,9035,84,,,,,,,,
,9043,75,,,,,,,,
,9048,69,,,,,,,,
,9050,70,,,,,,,,
,9058,70,,,,,,,,
,9080,74,,,,,,,,
,9083,69,,,,,,,,
,9089,79,,,,,,,,
,9090,77,,,,,,,,
,9094,69,,,,,,,,
,9111,69,,,,,,,,
,9115,68,,,,,,,,
,9119,69,,,,,,,,
,9126,68,,,,,,,,
,9128,72,,,,,,,,
,9143,68,,,,,,,,
,9143,70,,,,,,,,
,9150,71,,,,,,,,
,9159,69,,,,,,,,
,9161,70,,,,,,,,
,9166,70,,,,,,,,
,9178,69,,,,,,,,
,9230,73,,,,,,,,
,9266,83,,,,,,,,
,9269,73,,,,,,,,
,9288,72,,,,,,,,
,9290,74,,,,,,,,
,9307,72,,,,,,,,
,9331,73,,,,,,,,
,9340,74,,,,,,,,
,9358,75,,,,,,,,
,9367,75,,,,,,,,
,9381,75,,,,,,,,
,9383,73,,,,,,,,
,9385,74,,,,,,,,
,9409,88,,,,,,,,
,9440,73,,,,,,,,
,9444,76,,,,,,,,
,9446,75,,,,,,,,
,9447,74,,,,,,,,
,9452,74,,,,,,,,
,9455,75,,,,,,,,
,9490,78,,,,,,,,
,9492,73,,,,,,,,
,9493,79,,,,,,,,
,9504,75,,,,,,,,
,9505,82,,,,,,,,
,9507,75,,,,,,,,
,9510,77,,,,,,,,
,9511,77,,,,,,,,
,9517,75,,,,,,,,
,9526,75,,,,,,,,
,9559,76,,,,,,,,
,9560,76,,,,,,,,
,9566,75,,,,,,,,
,9583,77,,,,,,,,
,9589,77,,,,,,,,
,9594,76,,,,,,,,
,9599,81,,,,,,,,
,9607,76,,,,,,,,
,9618,79,,,,,,,,
,9629,77,,,,,,,,
,9636,79,,,,,,,,
,9656,81,,,,,,,,
,9659,78,,,,,,,,
,9676,81,,,,,,,,
,9711,78,,,,,,,,
,9715,81,,,,,,,,
,9746,79,,,,,,,,
,9764,81,,,,,,,,
,9768,80,,,,,,,,
,9770,82,,,,,,,,
,9789,80,,,,,,,,
,9796,81,,,,,,,,
,9807,101,,,,,,,,
,9814,78,,,,,,,,
,9818,80,,,,,,,,
,9835,84,,,,,,,,
,9842,79,,,,,,,,
,9845,81,,,,,,,,
,9847,81,,,,,,,,
,9848,80,,,,,,,,
,9850,81,,,,,,,,
,9854,83,,,,,,,,
,9883,80,,,,,,,,
,9884,81,,,,,,,,
,9890,84,,,,,,,,
,9930,88,,,,,,,,
,9964,84,,,,,,,,
,9966,82,,,,,,,,
Sort 2,15,0,,,,,,,,
,51,0,,,,,,,,
,69,0,,,,,,,,
,80,0,,,,,,,,
,81,0,,,,,,,,
,83,0,,,,,,,,
,86,0,,,,,,,,
,88,0,,,,,,,,
,101,0,,,,,,,,
,108,0,,,,,,,,
,109,0,,,,,,,,
,119,0,,,,,,,,
,122,0,,,,,,,,
,136,0,,,,,,,,
,156,0,,,,,,,,
,167,0,,,,,,,,
,178,0,,,,,,,,
,190,0,,,,,,,,
,216,0,,,,,,,,
,227,0,,,,,,,,
,230,0,,,,,,,,
,279,0,,,,,,,,
,282,0,,,,,,,,
,287,0,,,,,,,,
,291,0,,,,,,,,
,294,0,,,,,,,,
,298,0,,,,,,,,
,308,0,,,,,,,,
,308,0,,,,,,,,
,317,0,,,,,,,,
,326,0,,,,,,,,
,330,0,,,,,,,,
,334,0,,,,,,,,
,336,0,,,,,,,,
,341,0,,,,,,,,
,343,0,,,,,,,,
,349,0,,,,,,,,
,360,0,,,,,,,,
,360,0,,,,,,,,
,396,0,,,,,,,,
,401,0,,,,,,,,
,407,0,,,,,,,,
,412,0,,,,,,,,
,413,0,,,,,,,,
,416,0,,,,,,,,
,417,0,,,,,,,,
,422,0,,,,,,,,
,433,0,,,,,,,,
,475,0,,,,,,,,
,493,0,,,,,,,,
,504,0,,,,,,,,
,512,0,,,,,,,,
,515,0,,,,,,,,
,531,0,,,,,,,,
,540,0,,,,,,,,
,545,0,,,,,,,,
,549,0,,,,,,,,
,581,0,,,,,,,,
,594,0,,,,,,,,
,599,0,,,,,,,,
,604,0,,,,,,,,
,649,0,,,,,,,,
,654,0,,,,,,,,
,672,0,,,,,,,,
,680,0,,,,,,,,
,705,0,,,,,,,,
,714,0,,,,,,,,
,729,0,,,,,,,,
,736,0,,,,,,,,
,757,0,,,,,,,,
,761,0,,,,,,,,
,786,0,,,,,,,,
,806,0,,,,,,,,
,811,0,,,,,,,,
,812,0,,,,,,,,
,823,0,,,,,,,,
,830,0,,,,,,,,
,852,0,,,,,,,,
,857,0,,,,,,,,
,867,0,,,,,,,,
,880,0,,,,,,,,
,893,0,,,,,,,,
,893,0,,,,,,,,
,903,0,,,,,,,,
,939,0,,,,,,,,
,960,0,,,,,,,,
,971,0,,,,,,,,
,980,0,,,,,,,,
,982,0,,,,,,,,
,982,0,,,,,,,,
,987,0,,,,,,,,
,994,0,,,,,,,,
,1003,0,,,,,,,,
,1021,0,,,,,,,,
,1026,0,,,,,,,,
,1029,0,,,,,,,,
,1039,0,,,,,,,,
,1048,0,,,,,,,,
,1064,0,,,,,,,,
,1101,0,,,,,,,,
,1112,0,,,,,,,,
,1113,0,,,,,,,,
,1125,0,,,,,,,,
,1128,0,,,,,,,,
,1159,0,,,,,,,,
,1165,0,,,,,,,,
,1171,0,,,,,,,,
,1174,0,,,,,,,,
,1176,0,,,,,,,,
,1182,0,,,,,,,,
,1186,0,,,,,,,,
,1208,0,,,,,,,,
,1227,0,,,,,,,,
,1227,0,,,,,,,,
,1228,0,,,,,,,,
,1233,0,,,,,,,,
,1234,0,,,,,,,,
,1234,0,,,,,,,,
,1247,0,,,,,,,,
,1252,0,,,,,,,,
,1265,0,,,,,,,,
,1270,0,,,,,,,,
,1277,0,,,,,,,,
,1280,0,,,,,,,,
,1288,0,,,,,,,,
,1296,0,,,,,,,,
,1298,0,,,,,,,,
,1301,0,,,,,,,,
,1308,0,,,,,,,,
,1309,0,,,,,,,,
,1332,0,,,,,,,,
,1338,0,,,,,,,,
,1362,0,,,,,,,,
,1363,0,,,,,,,,
,1370,0,,,,,,,,
,1377,0,,,,,,,,
,1380,0,,,,,,,,
,1384,0,,,,,,,,
,1395,0,,,,,,,,
,1431,0,,,,,,,,
,1438,0,,,,,,,,
,1439,0,,,,,,,,
,1463,0,,,,,,,,
,1465,0,,,,,,,,
,1466,0,,,,,,,,
,1477,0,,,,,,,,
,1502,0,,,,,,,,
,1505,0,,,,,,,,
,1509,0,,,,,,,,
,1513,0,,,,,,,,
,1526,0,,,,,,,,
,1528,0,,,,,,,,
,1543,0,,,,,,,,
,1554,0,,,,,,,,
,1577,0,,,,,,,,
,1581,0,,,,,,,,
,1581,0,,,,,,,,
,1596,0,,,,,,,,
,1597,0,,,,,,,,
,1610,0,,,,,,,,
,1614,0,,,,,,,,
,1631,0,,,,,,,,
,1636,0,,,,,,,,
,1644,0,,,,,,,,
,1672,0,,,,,,,,
,1676,0,,,,,,,,
,1678,0,,,,,,,,
,1688,0,,,,,,,,
,1706,0,,,,,,,,
,1709,0,,,,,,,,
,1724,0,,,,,,,,
,1733,0,,,,,,,,
,1740,0,,,,,,,,
,1746,0,,,,,,,,
,1757,0,,,,,,,,
,1761,0,,,,,,,,
,1766,0,,,,,,,,
,1770,0,,,,,,,,
,1778,0,,,,,,,,
,1786,0,,,,,,,,
,1787,0,,,,,,,,
,1813,0,,,,,,,,
,1840,0,,,,,,,,
,1842,0,,,,,,,,
,1849,0,,,,,,,,
,1850,0,,,,,,,,
,1865,0,,,,,,,,
,1877,0,,,,,,,,
,1889,0,,,,,,,,
,1901,0,,,,,,,,
,1903,0,,,,,,,,
,1919,0,,,,,,,,
,1932,0,,,,,,,,
,1937,0,,,,,,,,
,1943,0,,,,,,,,
,1947,0,,,,,,,,
,1959,0,,,,,,,,
,1966,0,,,,,,,,
,1970,0,,,,,,,,
,1980,0,,,,,,,,
,1981,0,,,,,,,,
,1997,0,,,,,,,,
,2001,0,,,,,,,,
,2016,0,,,,,,,,
,2033,0,,,,,,,,
,2044,0,,,,,,,,
,2045,0,,,,,,,,
,2047,0,,,,,,,,
,2054,0,,,,,,,,
,2084,0,,,,,,,,
,2084,0,,,,,,,,
,2087,0,,,,,,,,
,2118,0,,,,,,,,
,2133,0,,,,,,,,
,2160,0,,,,,,,,
,2213,0,,,,,,,,
,2214,0,,,,,,,,
,2221,0,,,,,,,,
,2221,0,,,,,,,,
,2230,0,,,,,,,,
,2250,0,,,,,,,,
,2255,0,,,,,,,,
,2255,0,,,,,,,,
,2264,0,,,,,,,,
,2276,0,,,,,,,,
,2279,0,,,,,,,,
,2279,0,,,,,,,,
,2289,0,,,,,,,,
,2297,0,,,,,,,,
,2300,0,,,,,,,,
,2306,0,,,,,,,,
,2308,0,,,,,,,,
,2309,0,,,,,,,,
,2325,0,,,,,,,,
,2343,0,,,,,,,,
,2352,0,,,,,,,,
,2372,0,,,,,,,,
,2381,0,,,,,,,,
,2394,0,,,,,,,,
,2397,0,,,,,,,,
,2421,0,,,,,,,,
,2430,0,,,,,,,,
,2431,0,,,,,,,,
,2439,0,,,,,,,,
,2448,0,,,,,,,,
,2451,0,,,,,,,,
,2460,0,,,,,,,,
,2504,0,,,,,,,,
,2510,0,,,,,,,,
,2514,0,,,,,,,,
,2539,0,,,,,,,,
,2541,0,,,,,,,,
,2557,0,,,,,,,,
,2568,0,,,,,,,,
,2572,0,,,,,,,,
,2575,0,,,,,,,,
,2583,0,,,,,,,,
,2588,0,,,,,,,,
,2593,0,,,,,,,,
,2599,0,,,,,,,,
,2613,0,,,,,,,,
,2619,0,,,,,,,,
,2624,0,,,,,,,,
,2628,0,,,,,,,,
,2632,0,,,,,,,,
,2632,0,,,,,,,,
,2634,0,,,,,,,,
,2634,0,,,,,,,,
,2634,0,,,,,,,,
,2680,0,,,,,,,,
,2688,0,,,,,,,,
,2691,0,,,,,,,,
,2696,0,,,,,,,,
,2697,0,,,,,,,,
,2700,0,,,,,,,,
,2745,0,,,,,,,,
,2747,0,,,,,,,,
,2794,0,,,,,,,,
,2799,0,,,,,,,,
,2833,0,,,,,,,,
,2833,0,,,,,,,,
,2841,0,,,,,,,,
,2852,0,,,,,,,,
,2858,0,,,,,,,,
,2874,0,,,,,,,,
,2886,0,,,,,,,,
,2886,0,,,,,,,,
,2890,0,,,,,,,,
,2903,0,,,,,,,,
,2904,0,,,,,,,,
,2917,0,,,,,,,,
,2918,0,,,,,,,,
,2931,0,,,,,,,,
,2932,0,,,,,,,,
,2933,0,,,,,,,,
,2937,0,,,,,,,,
,2943,0,,,,,,,,
,2945,0,,,,,,,,
,2969,0,,,,,,,,
,2980,0,,,,,,,,
,2989,0,,,,,,,,
,2997,0,,,,,,,,
,3004,0,,,,,,,,
,3026,0,,,,,,,,
,3034,0,,,,,,,,
,3037,0,,,,,,,,
,3042,0,,,,,,,,
,3065,0,,,,,,,,
,3066,0,,,,,,,,
,3079,0,,,,,,,,
,3080,0,,,,,,,,
,3081,0,,,,,,,,
,3090,0,,,,,,,,
,3100,0,,,,,,,,
,3106,0,,,,,,,,
,3108,0,,,,,,,,
,3110,0,,,,,,,,
,3124,0,,,,,,,,
,3124,0,,,,,,,,
,3162,0,,,,,,,,
,3168,0,,,,,,,,
,3168,0,,,,,,,,
,3177,0,,,,,,,,
,3207,0,,,,,,,,
,3219,0,,,,,,,,
,3219,0,,,,,,,,
,3220,0,,,,,,,,
,3227,0,,,,,,,,
,3233,0,,,,,,,,
,3241,0,,,,,,,,
,3242,0,,,,,,,,
,3257,0,,,,,,,,
,3276,0,,,,,,,,
,3279,0,,,,,,,,
,3292,0,,,,,,,,
,3298,0,,,,,,,,
,3309,0,,,,,,,,
,3343,0,,,,,,,,
,3344,0,,,,,,,,
,3348,0,,,,,,,,
,3354,0,,,,,,,,
,3355,0,,,,,,,,
,3366,0,,,,,,,,
,3379,0,,,,,,,,
,3426,0,,,,,,,,
,3427,0,,,,,,,,
,3435,0,,,,,,,,
,3440,0,,,,,,,,
,3446,0,,,,,,,,
,3450,0,,,,,,,,
,3454,0,,,,,,,,
,3461,0,,,,,,,,
,3462,0,,,,,,,,
,3462,0,,,,,,,,
,3467,0,,,,,,,,
,3476,0,,,,,,,,
,3493,0,,,,,,,,
,3524,0,,,,,,,,
,3527,0,,,,,,,,
,3530,0,,,,,,,,
,3543,0,,,,,,,,
,3545,0,,,,,,,,
,3559,0,,,,,,,,
,3571,0,,,,,,,,
,3595,0,,,,,,,,
,3612,0,,,,,,,,
,3635,0,,,,,,,,
,3643,0,,,,,,,,
,3646,0,,,,,,,,
,3665,0,,,,,,,,
,3671,0,,,,,,,,
,3684,0,,,,,,,,
,3692,0,,,,,,,,
,3693,0,,,,,,,,
,3699,0,,,,,,,,
,3703,0,,,,,,,,
,3703,0,,,,,,,,
,3709,0,,,,,,,,
,3709,0,,,,,,,,
,3711,0,,,,,,,,
,3720,0,,,,,,,,
,3726,0,,,,,,,,
,3737,0,,,,,,,,
,3737,0,,,,,,,,
,3751,0,,,,,,,,
,3752,0,,,,,,,,
,3756,0,,,,,,,,
,3758,0,,,,,,,,
,3781,0,,,,,,,,
,3786,0,,,,,,,,
,3821,0,,,,,,,,
,3854,0,,,,,,,,
,3869,0,,,,,,,,
,3869,0,,,,,,,,
,3876,0,,,,,,,,
,3894,0,,,,,,,,
,3896,0,,,,,,,,
,3908,0,,,,,,,,
,3919,0,,,,,,,,
,3941,0,,,,,,,,
,3968,0,,,,,,,,
,3985,0,,,,,,,,
,4028,0,,,,,,,,
,4041,0,,,,,,,,
,4045,0,,,,,,,,
,4067,0,,,,,,,,
,4071,0,,,,,,,,
,4075,0,,,,,,,,
,4075,0,,,,,,,,
,4082,0,,,,,,,,
,4083,0,,,,,,,,
,4084,0,,,,,,,,
,4091,0,,,,,,,,
,4116,0,,,,,,,,
,4121,0,,,,,,,,
,4125,0,,,,,,,,
,4127,0,,,,,,,,
,4136,0,,,,,,,,
,4145,0,,,,,,,,
,4146,0,,,,,,,,
,4151,0,,,,,,,,
,4165,0,,,,,,,,
,4165,0,,,,,,,,
,4172,0,,,,,,,,
,4175,0,,,,,,,,
,4183,0,,,,,,,,
,4207,0,,,,,,,,
,4209,0,,,,,,,,
,4212,0,,,,,,,,
,4216,0,,,,,,,,
,4229,0,,,,,,,,
,4238,0,,,,,,,,
,4239,0,,,,,,,,
,4239,0,,,,,,,,
,4245,0,,,,,,,,
,4249,0,,,,,,,,
,4251,0,,,,,,,,
,4267,0,,,,,,,,
,4290,0,,,,,,,,
,4296,0,,,,,,,,
,4302,0,,,,,,,,
,4319,0,,,,,,,,
,4324,0,,,,,,,,
,4333,0,,,,,,,,
,4335,0,,,,,,,,
,4346,0,,,,,,,,
,4355,0,,,,,,,,
,4363,0,,,,,,,,
,4373,0,,,,,,,,
,4380,0,,,,,,,,
,4387,0,,,,,,,,
,4396,0,,,,,,,,
,4402,0,,,,,,,,
,4408,0,,,,,,,,
,4413,0,,,,,,,,
,4417,0,,,,,,,,
,4427,0,,,,,,,,
,4435,0,,,,,,,,
,4441,0,,,,,,,,
,4464,0,,,,,,,,
,4499,0,,,,,,,,
,4511,0,,,,,,,,
,4519,0,,,,,,,,
,4523,0,,,,,,,,
,4526,0,,,,,,,,
,4534,0,,,,,,,,
,4586,0,,,,,,,,
,4591,0,,,,,,,,
,4594,0,,,,,,,,
,4597,0,,,,,,,,
,4601,0,,,,,,,,
,4613,0,,,,,,,,
,4616,0,,,,,,,,
,4623,0,,,,,,,,
,4632,0,,,,,,,,
,4652,0,,,,,,,,
,4668,0,,,,,,,,
,4670,0,,,,,,,,
,4671,0,,,,,,,,
,4696,0,,,,,,,,
,4700,0,,,,,,,,
,4707,0,,,,,,,,
,4711,0,,,,,,,,
,4739,0,,,,,,,,
,4750,0,,,,,,,,
,4752,0,,,,,,,,
,4754,0,,,,,,,,
,4767,0,,,,,,,,
,4776,0,,,,,,,,
,4788,0,,,,,,,,
,4789,0,,,,,,,,
,4801,0,,,,,,,,
,4805,0,,,,,,,,
,4815,0,,,,,,,,
,4826,0,,,,,,,,
,4829,0,,,,,,,,
,4831,0,,,,,,,,
,4838,0,,,,,,,,
,4856,0,,,,,,,,
,4862,0,,,,,,,,
,4886,0,,,,,,,,
,4891,0,,,,,,,,
,4894,0,,,,,,,,
,4902,0,,,,,,,,
,4915,0,,,,,,,,
,4933,0,,,,,,,,
,4954,0,,,,,,,,
,4971,0,,,,,,,,
,4979,0,,,,,,,,
,4981,0,,,,,,,,
,4996,0,,,,,,,,
,5018,0,,,,,,,,
,5024,0,,,,,,,,
,5036,0,,,,,,,,
,5045,0,,,,,,,,
,5046,0,,,,,,,,
,5048,0,,,,,,,,
,5054,0,,,,,,,,
,5056,0,,,,,,,,
,5056,0,,,,,,,,
,5084,0,,,,,,,,
,5094,0,,,,,,,,
,5112,0,,,,,,,,
,5116,0,,,,,,,,
,5167,0,,,,,,,,
,5177,0,,,,,,,,
,5219,0,,,,,,,,
,5234,0,,,,,,,,
,5242,0,,,,,,,,
,5244,0,,,,,,,,
,5248,0,,,,,,,,
,5268,0,,,,,,,,
,5271,0,,,,,,,,
,5280,0,,,,,,,,
,5280,0,,,,,,,,
,5283,0,,,,,,,,
,5318,0,,,,,,,,
,5327,0,,,,,,,,
,5357,0,,,,,,,,
,5390,0,,,,,,,,
,5402,0,,,,,,,,
,5411,0,,,,,,,,
,5416,0,,,,,,,,
,5417,0,,,,,,,,
,5423,0,,,,,,,,
,5426,0,,,,,,,,
,5426,0,,,,,,,,
,5430,0,,,,,,,,
,5443,0,,,,,,,,
,5446,0,,,,,,,,
,5453,0,,,,,,,,
,5457,0,,,,,,,,
,5481,0,,,,,,,,
,5504,0,,,,,,,,
,5505,0,,,,,,,,
,5524,0,,,,,,,,
,5569,0,,,,,,,,
,5590,0,,,,,,,,
,5593,0,,,,,,,,
,5597,0,,,,,,,,
,5601,0,,,,,,,,
,5603,0,,,,,,,,
,5609,0,,,,,,,,
,5613,0,,,,,,,,
,5615,0,,,,,,,,
,5615,0,,,,,,,,
,5618,0,,,,,,,,
,5618,0,,,,,,,,
,5624,0,,,,,,,,
,5635,0,,,,,,,,
,5639,0,,,,,,,,
,5644,1,,,,,,,,
,5647,0,,,,,,,,
,5651,0,,,,,,,,
,5652,0,,,,,,,,
,5653,0,,,,,,,,
,5661,0,,,,,,,,
,5670,0,,,,,,,,
,5701,0,,,,,,,,
,5704,0,,,,,,,,
,5707,0,,,,,,,,
,5723,0,,,,,,,,
,5726,0,,,,,,,,
,5760,0,,,,,,,,
,5761,0,,,,,,,,
,5763,0,,,,,,,,
,5768,0,,,,,,,,
,5773,0,,,,,,,,
,5775,0,,,,,,,,
,5778,0,,,,,,,,
,5821,0,,,,,,,,
,5831,0,,,,,,,,
,5833,0,,,,,,,,
,5834,0,,,,,,,,
,5838,0,,,,,,,,
,5857,0,,,,,,,,
,5878,0,,,,,,,,
,5890,0,,,,,,,,
,5893,0,,,,,,,,
,5897,0,,,,,,,,
,5904,0,,,,,,,,
,5905,0,,,,,,,,
,5913,0,,,,,,,,
,5926,0,,,,,,,,
,5955,0,,,,,,,,
,5963,0,,,,,,,,
,5963,0,,,,,,,,
,5966,0,,,,,,,,
,5970,0,,,,,,,,
,5985,0,,,,,,,,
,5985,0,,,,,,,,
,5997,0,,,,,,,,
,5998,0,,,,,,,,
,6000,0,,,,,,,,
,6002,0,,,,,,,,
,6008,0,,,,,,,,
,6009,0,,,,,,,,
,6023,0,,,,,,,,
,6027,0,,,,,,,,
,6028,0,,,,,,,,
,6028,0,,,,,,,,
,6030,0,,,,,,,,
,6049,0,,,,,,,,
,6050,0,,,,,,,,
,6064,0,,,,,,,,
,6066,0,,,,,,,,
,6090,0,,,,,,,,
,6095,0,,,,,,,,
,6100,1,,,,,,,,
,6109,0,,,,,,,,
,6142,0,,,,,,,,
,6197,0,,,,,,,,
,6204,0,,,,,,,,
,6204,0,,,,,,,,
,6219,0,,,,,,,,
,6225,0,,,,,,,,
,6237,0,,,,,,,,
,6243,1,,,,,,,,
,6246,0,,,,,,,,
,6257,0,,,,,,,,
,6273,0,,,,,,,,
,6295,0,,,,,,,,
,6306,0,,,,,,,,
,6306,0,,,,,,,,
,6324,0,,,,,,,,
,6324,0,,,,,,,,
,6331,0,,,,,,,,
,6336,0,,,,,,,,
,6341,0,,,,,,,,
,6354,0,,,,,,,,
,6374,0,,,,,,,,
,6376,0,,,,,,,,
,6381,0,,,,,,,,
,6383,0,,,,,,,,
,6391,0,,,,,,,,
,6409,0,,,,,,,,
,6409,0,,,,,,,,
,6415,0,,,,,,,,
,6419,0,,,,,,,,
,6422,0,,,,,,,,
,6425,0,,,,,,,,
,6425,0,,,,,,,,
,6426,0,,,,,,,,
,6427,0,,,,,,,,
,6434,0,,,,,,,,
,6441,0,,,,,,,,
,6459,0,,,,,,,,
,6474,0,,,,,,,,
,6479,0,,,,,,,,
,6485,0,,,,,,,,
,6488,0,,,,,,,,
,6495,0,,,,,,,,
,6499,0,,,,,,,,
,6507,0,,,,,,,,
,6515,0,,,,,,,,
,6516,0,,,,,,,,
,6528,0,,,,,,,,
,6533,0,,,,,,,,
,6537,0,,,,,,,,
,6538,0,,,,,,,,
,6546,0,,,,,,,,
,6549,0,,,,,,,,
,6560,3,,,,,,,,
,6566,0,,,,,,,,
,6598,0,,,,,,,,
,6605,0,,,,,,,,
,6633,0,,,,,,,,
,6652,0,,,,,,,,
,6656,0,,,,,,,,
,6669,0,,,,,,,,
,6681,0,,,,,,,,
,6683,0,,,,,,,,
,6686,0,,,,,,,,
,6691,0,,,,,,,,
,6703,0,,,,,,,,
,6705,0,,,,,,,,
,6710,0,,,,,,,,
,6732,0,,,,,,,,
,6734,0,,,,,,,,
,6742,0,,,,,,,,
,6751,0,,,,,,,,
,6751,0,,,,,,,,
,6757,0,,,,,,,,
,6763,0,,,,,,,,
,6784,0,,,,,,,,
,6790,0,,,,,,,,
,6808,0,,,,,,,,
,6809,0,,,,,,,,
,6812,0,,,,,,,,
,6816,0,,,,,,,,
,6828,0,,,,,,,,
,6835,0,,,,,,,,
,6836,0,,,,,,,,
,6852,0,,,,,,,,
,6869,0,,,,,,,,
,6886,0,,,,,,,,
,6890,0,,,,,,,,
,6895,0,,,,,,,,
,6906,0,,,,,,,,
,6909,0,,,,,,,,
,6925,0,,,,,,,,
,6931,0,,,,,,,,
,6972,0,,,,,,,,
,6994,0,,,,,,,,
,7013,0,,,,,,,,
,7018,0,,,,,,,,
,7018,0,,,,,,,,
,7026,0,,,,,,,,
,7037,0,,,,,,,,
,7045,0,,,,,,,,
,7049,0,,,,,,,,
,7061,0,,,,,,,,
,7071,0,,,,,,,,
,7086,0,,,,,,,,
,7093,0,,,,,,,,
,7095,0,,,,,,,,
,7099,0,,,,,,,,
,7110,0,,,,,,,,
,7110,0,,,,,,,,
,7135,0,,,,,,,,
,7140,0,,,,,,,,
,7152,0,,,,,,,,
,7199,0,,,,,,,,
,7199,0,,,,,,,,
,7202,0,,,,,,,,
,7211,0,,,,,,,,
,7217,0,,,,,,,,
,7266,0,,,,,,,,
,7280,0,,,,,,,,
,7282,0,,,,,,,,
,7290,0,,,,,,,,
,7345,0,,,,,,,,
,7354,0,,,,,,,,
,7359,1,,,,,,,,
,7364,0,,,,,,,,
,7387,0,,,,,,,,
,7424,0,,,,,,,,
,7435,0,,,,,,,,
,7454,0,,,,,,,,
,7455,0,,,,,,,,
,7459,0,,,,,,,,
,7472,0,,,,,,,,
,7475,0,,,,,,,,
,7480,0,,,,,,,,
,7493,0,,,,,,,,
,7495,0,,,,,,,,
,7496,0,,,,,,,,
,7524,0,,,,,,,,
,7528,0,,,,,,,,
,7530,0,,,,,,,,
,7541,0,,,,,,,,
,7610,0,,,,,,,,
,7618,0,,,,,,,,
,7633,0,,,,,,,,
,7651,0,,,,,,,,
,7667,0,,,,,,,,
,7669,0,,,,,,,,
,7673,0,,,,,,,,
,7684,0,,,,,,,,
,7688,0,,,,,,,,
,7692,0,,,,,,,,
,7705,0,,,,,,,,
,7713,0,,,,,,,,
,7720,0,,,,,,,,
,7726,0,,,,,,,,
,7757,0,,,,,,,,
,7757,0,,,,,,,,
,7759,0,,,,,,,,
,7759,0,,,,,,,,
,7769,0,,,,,,,,
,7775,0,,,,,,,,
,7790,0,,,,,,,,
,7806,0,,,,,,,,
,7809,0,,,,,,,,
,7827,0,,,,,,,,
,7858,0,,,,,,,,
,7886,0,,,,,,,,
,7906,0,,,,,,,,
,7924,0,,,,,,,,
,7934,0,,,,,,,,
,7937,0,,,,,,,,
,7955,0,,,,,,,,
,7956,0,,,,,,,,
,7967,0,,,,,,,,
,7974,0,,,,,,,,
,7997,0,,,,,,,,
,8013,0,,,,,,,,
,8018,0,,,,,,,,
,8024,0,,,,,,,,
,8027,0,,,,,,,,
,8053,0,,,,,,,,
,8061,0,,,,,,,,
,8062,0,,,,,,,,
,8063,0,,,,,,,,
,8072,0,,,,,,,,
,8077,0,,,,,,,,
,8078,0,,,,,,,,
,8079,0,,,,,,,,
,8106,0,,,,,,,,
,8121,0,,,,,,,,
,8122,0,,,,,,,,
,8123,0,,,,,,,,
,8125,0,,,,,,,,
,8130,0,,,,,,,,
,8136,0,,,,,,,,
,8149,0,,,,,,,,
,8176,0,,,,,,,,
,8186,0,,,,,,,,
,8192,0,,,,,,,,
,8193,0,,,,,,,,
,8204,0,,,,,,,,
,8225,0,,,,,,,,
,8244,0,,,,,,,,
,8281,0,,,,,,,,
,8300,0,,,,,,,,
,8300,0,,,,,,,,
,8311,0,,,,,,,,
,8326,0,,,,,,,,
,8333,0,,,,,,,,
,8350,0,,,,,,,,
,8355,0,,,,,,,,
,8356,0,,,,,,,,
,8362,0,,,,,,,,
,8388,0,,,,,,,,
,8394,0,,,,,,,,
,8433,0,,,,,,,,
,8434,0,,,,,,,,
,8437,0,,,,,,,,
,8468,0,,,,,,,,
,8470,0,,,,,,,,
,8473,0,,,,,,,,
,8488,0,,,,,,,,
,8492,0,,,,,,,,
,8494,0,,,,,,,,
,8498,0,,,,,,,,
,8536,0,,,,,,,,
,8551,0,,,,,,,,
,8556,0,,,,,,,,
,8561,0,,,,,,,,
,8563,0,,,,,,,,
,8567,0,,,,,,,,
,8572,0,,,,,,,,
,8584,0,,,,,,,,
,8590,0,,,,,,,,
,8593,0,,,,,,,,
,8608,1,,,,,,,,
,8609,0,,,,,,,,
,8647,0,,,,,,,,
,8653,0,,,,,,,,
,8655,0,,,,,,,,
,8689,0,,,,,,,,
,8693,0,,,,,,,,
,8706,0,,,,,,,,
,8736,0,,,,,,,,
,8739,0,,,,,,,,
,8741,0,,,,,,,,
,8745,0,,,,,,,,
,8747,0,,,,,,,,
,8748,0,,,,,,,,
,8775,0,,,,,,,,
,8785,0,,,,,,,,
,8802,0,,,,,,,,
,8802,0,,,,,,,,
,8808,0,,,,,,,,
,8818,0,,,,,,,,
,8835,0,,,,,,,,
,8845,0,,,,,,,,
,8847,0,,,,,,,,
,8867,0,,,,,,,,
,8922,0,,,,,,,,
,8927,0,,,,,,,,
,8930,0,,,,,,,,
,8930,0,,,,,,,,
,8963,0,,,,,,,,
,8967,0,,,,,,,,
,8970,0,,,,,,,,
,8978,0,,,,,,,,
,8987,0,,,,,,,,
,8991,0,,,,,,,,
,9002,0,,,,,,,,
,9014,0,,,,,,,,
,9039,0,,,,,,,,
,9045,0,,,,,,,,
,9046,0,,,,,,,,
,9061,0,,,,,,,,
,9076,0,,,,,,,,
,9105,0,,,,,,,,
,9105,0,,,,,,,,
,9112,0,,,,,,,,
,9113,0,,,,,,,,
,9116,0,,,,,,,,
,9124,0,,,,,,,,
,9125,0,,,,,,,,
,9145,0,,,,,,,,
,9173,0,,,,,,,,
,9179,0,,,,,,,,
,9181,0,,,,,,,,
,9184,0,,,,,,,,
,9188,0,,,,,,,,
,9209,0,,,,,,,,
,9224,0,,,,,,,,
,9232,0,,,,,,,,
,9233,0,,,,,,,,
,9255,0,,,,,,,,
,9267,0,,,,,,,,
,9283,0,,,,,,,,
,9291,0,,,,,,,,
,9302,0,,,,,,,,
,9302,0,,,,,,,,
,9306,0,,,,,,,,
,9307,0,,,,,,,,
,9316,0,,,,,,,,
,9364,1,,,,,,,,
,9367,0,,,,,,,,
,9374,1,,,,,,,,
,9393,0,,,,,,,,
,9399,0,,,,,,,,
,9413,0,,,,,,,,
,9416,0,,,,,,,,
,9420,0,,,,,,,,
,9421,0,,,,,,,,
,9423,0,,,,,,,,
,9435,0,,,,,,,,
,9447,0,,,,,,,,
,9451,0,,,,,,,,
,9464,0,,,,,,,,
,9469,0,,,,,,,,
,9471,0,,,,,,,,
,9472,0,,,,,,,,
,9473,0,,,,,,,,
,9475,0,,,,,,,,
,9484,0,,,,,,,,
,9492,0,,,,,,,,
,9500,0,,,,,,,,
,9528,0,,,,,,,,
,9531,0,,,,,,,,
,9541,0,,,,,,,,
,9543,0,,,,,,,,
,9550,0,,,,,,,,
,9551,0,,,,,,,,
,9561,0,,,,,,,,
,9575,2,,,,,,,,
,9578,0,,,,,,,,
,9587,0,,,,,,,,
,9593,0,,,,,,,,
,9593,0,,,,,,,,
,9606,0,,,,,,,,
,9622,0,,,,,,,,
,9636,0,,,,,,,,
,9638,0,,,,,,,,
,9640,0,,,,,,,,
,9658,0,,,,,,,,
,9662,0,,,,,,,,
,9666,0,,,,,,,,
,9667,0,,,,,,,,
,9677,0,,,,,,,,
,9683,0,,,,,,,,
,9692,0,,,,,,,,
,9726,0,,,,,,,,
,9727,0,,,,,,,,
,9732,0,,,,,,,,
,9748,0,,,,,,,,
,9778,0,,,,,,,,
,9800,0,,,,,,,,
,9810,0,,,,,,,,
,9821,0,,,,,,,,
,9837,0,,,,,,,,
,9840,0,,,,,,,,
,9856,0,,,,,,,,
,9865,0,,,,,,,,
,9870,0,,,,,,,,
,9876,0,,,,,,,,
,9926,0,,,,,,,,
,9931,0,,,,,,,,
,9944,0,,,,,,,,
,9947,0,,,,,,,,
,9958,1,,,,,,,,
,9962,0,,,,,,,,
,9965,0,,,,,,,,
,9988,0,,,,,,,,
Sort 3,9998,0,,,,,,,,
,1,0,,,,,,,,
,25,0,,,,,,,,
,47,0,,,,,,,,
,48,0,,,,,,,,
,50,0,,,,,,,,
,101,0,,,,,,,,
,114,0,,,,,,,,
,137,0,,,,,,,,
,140,0,,,,,,,,
,149,0,,,,,,,,
,151,0,,,,,,,,
,182,0,,,,,,,,
,195,0,,,,,,,,
,200,0,,,,,,,,
,216,0,,,,,,,,
,227,0,,,,,,,,
,249,0,,,,,,,,
,253,0,,,,,,,,
,283,0,,,,,,,,
,290,0,,,,,,,,
,300,0,,,,,,,,
,309,0,,,,,,,,
,311,0,,,,,,,,
,319,0,,,,,,,,
,327,0,,,,,,,,
,328,0,,,,,,,,
,331,0,,,,,,,,
,342,0,,,,,,,,
,342,0,,,,,,,,
,346,0,,,,,,,,
,358,0,,,,,,,,
,365,0,,,,,,,,
,375,0,,,,,,,,
,386,0,,,,,,,,
,397,0,,,,,,,,
,400,0,,,,,,,,
,433,0,,,,,,,,
,447,0,,,,,,,,
,453,0,,,,,,,,
,455,0,,,,,,,,
,465,0,,,,,,,,
,466,0,,,,,,,,
,469,0,,,,,,,,
,471,0,,,,,,,,
,472,0,,,,,,,,
,475,0,,,,,,,,
,487,0,,,,,,,,
,489,0,,,,,,,,
,520,0,,,,,,,,
,524,0,,,,,,,,
,524,0,,,,,,,,
,530,0,,,,,,,,
,536,0,,,,,,,,
,536,0,,,,,,,,
,544,0,,,,,,,,
,574,0,,,,,,,,
,578,0,,,,,,,,
,579,0,,,,,,,,
,580,0,,,,,,,,
,585,0,,,,,,,,
,605,0,,,,,,,,
,608,0,,,,,,,,
,614,0,,,,,,,,
,625,0,,,,,,,,
,627,0,,,,,,,,
,637,0,,,,,,,,
,641,0,,,,,,,,
,651,0,,,,,,,,
,673,0,,,,,,,,
,677,0,,,,,,,,
,684,0,,,,,,,,
,690,0,,,,,,,,
,696,0,,,,,,,,
,705,0,,,,,,,,
,708,0,,,,,,,,
,717,0,,,,,,,,
,725,0,,,,,,,,
,738,0,,,,,,,,
,763,0,,,,,,,,
,779,0,,,,,,,,
,784,0,,,,,,,,
,790,0,,,,,,,,
,791,0,,,,,,,,
,793,0,,,,,,,,
,825,0,,,,,,,,
,832,0,,,,,,,,
,843,0,,,,,,,,
,853,0,,,,,,,,
,889,0,,,,,,,,
,893,0,,,,,,,,
,897,0,,,,,,,,
,906,0,,,,,,,,
,926,0,,,,,,,,
,931,0,,,,,,,,
,946,0,,,,,,,,
,950,0,,,,,,,,
,962,0,,,,,,,,
,969,0,,,,,,,,
,981,0,,,,,,,,
,984,0,,,,,,,,
,997,0,,,,,,,,
,1005,0,,,,,,,,
,1022,0,,,,,,,,
,1024,0,,,,,,,,
,1042,0,,,,,,,,
,1056,0,,,,,,,,
,1058,0,,,,,,,,
,1061,0,,,,,,,,
,1062,0,,,,,,,,
,1064,0,,,,,,,,
,1067,0,,,,,,,,
,1101,0,,,,,,,,
,1109,0,,,,,,,,
,1128,0,,,,,,,,
,1136,0,,,,,,,,
,1147,0,,,,,,,,
,1175,0,,,,,,,,
,1185,0,,,,,,,,
,1191,0,,,,,,,,
,1214,0,,,,,,,,
,1225,0,,,,,,,,
,1234,0,,,,,,,,
,1234,0,,,,,,,,
,1238,0,,,,,,,,
,1245,0,,,,,,,,
,1255,0,,,,,,,,
,1258,0,,,,,,,,
,1266,0,,,,,,,,
,1272,0,,,,,,,,
,1287,0,,,,,,,,
,1293,0,,,,,,,,
,1302,0,,,,,,,,
,1313,0,,,,,,,,
,1315,0,,,,,,,,
,1320,0,,,,,,,,
,1324,0,,,,,,,,
,1336,0,,,,,,,,
,1349,0,,,,,,,,
,1360,0,,,,,,,,
,1362,0,,,,,,,,
,1375,0,,,,,,,,
,1401,0,,,,,,,,
,1401,0,,,,,,,,
,1420,0,,,,,,,,
,1439,0,,,,,,,,
,1444,0,,,,,,,,
,1457,0,,,,,,,,
,1475,0,,,,,,,,
,1512,0,,,,,,,,
,1520,0,,,,,,,,
,1520,0,,,,,,,,
,1534,0,,,,,,,,
,1549,0,,,,,,,,
,1557,0,,,,,,,,
,1559,0,,,,,,,,
,1594,0,,,,,,,,
,1595,0,,,,,,,,
,1597,0,,,,,,,,
,1607,0,,,,,,,,
,1616,0,,,,,,,,
,1624,0,,,,,,,,
,1630,0,,,,,,,,
,1635,0,,,,,,,,
,1640,0,,,,,,,,
,1641,0,,,,,,,,
,1652,0,,,,,,,,
,1660,0,,,,,,,,
,1673,0,,,,,,,,
,1679,0,,,,,,,,
,1692,0,,,,,,,,
,1710,0,,,,,,,,
,1712,0,,,,,,,,
,1713,0,,,,,,,,
,1727,0,,,,,,,,
,1728,0,,,,,,,,
,1741,0,,,,,,,,
,1746,0,,,,,,,,
,1751,0,,,,,,,,
,1755,0,,,,,,,,
,1796,0,,,,,,,,
,1798,0,,,,,,,,
,1808,0,,,,,,,,
,1818,0,,,,,,,,
,1830,0,,,,,,,,
,1838,0,,,,,,,,
,1846,0,,,,,,,,
,1849,0,,,,,,,,
,1854,0,,,,,,,,
,1857,0,,,,,,,,
,1865,0,,,,,,,,
,1866,0,,,,,,,,
,1955,0,,,,,,,,
,1965,0,,,,,,,,
,1984,0,,,,,,,,
,2006,0,,,,,,,,
,2006,0,,,,,,,,
,2009,0,,,,,,,,
,2014,0,,,,,,,,
,2020,0,,,,,,,,
,2024,0,,,,,,,,
,2031,0,,,,,,,,
,2058,0,,,,,,,,
,2061,0,,,,,,,,
,2064,0,,,,,,,,
,2066,0,,,,,,,,
,2071,0,,,,,,,,
,2071,0,,,,,,,,
,2085,0,,,,,,,,
,2128,0,,,,,,,,
,2149,0,,,,,,,,
,2167,0,,,,,,,,
,2178,0,,,,,,,,
,2183,0,,,,,,,,
,2196,0,,,,,,,,
,2210,0,,,,,,,,
,2222,0,,,,,,,,
,2234,0,,,,,,,,
,2240,0,,,,,,,,
,2240,0,,,,,,,,
,2246,0,,,,,,,,
,2249,0,,,,,,,,
,2259,0,,,,,,,,
,2273,0,,,,,,,,
,2275,0,,,,,,,,
,2292,0,,,,,,,,
,2301,0,,,,,,,,
,2332,0,,,,,,,,
,2339,0,,,,,,,,
,2345,0,,,,,,,,
,2350,0,,,,,,,,
,2352,0,,,,,,,,
,2360,0,,,,,,,,
,2361,0,,,,,,,,
,2366,0,,,,,,,,
,2369,0,,,,,,,,
,2370,0,,,,,,,,
,2373,0,,,,,,,,
,2393,0,,,,,,,,
,2395,0,,,,,,,,
,2402,0,,,,,,,,
,2404,0,,,,,,,,
,2405,0,,,,,,,,
,2411,0,,,,,,,,
,2422,0,,,,,,,,
,2422,0,,,,,,,,
,2424,0,,,,,,,,
,2435,0,,,,,,,,
,2447,0,,,,,,,,
,2463,0,,,,,,,,
,2470,0,,,,,,,,
,2477,0,,,,,,,,
,2484,0,,,,,,,,
,2485,0,,,,,,,,
,2490,0,,,,,,,,
,2519,0,,,,,,,,
,2522,0,,,,,,,,
,2525,0,,,,,,,,
,2532,0,,,,,,,,
,2533,0,,,,,,,,
,2534,0,,,,,,,,
,2560,0,,,,,,,,
,2570,0,,,,,,,,
,2579,0,,,,,,,,
,2598,0,,,,,,,,
,2610,0,,,,,,,,
,2629,0,,,,,,,,
,2632,0,,,,,,,,
,2634,0,,,,,,,,
,2636,0,,,,,,,,
,2638,0,,,,,,,,
,2642,0,,,,,,,,
,2644,0,,,,,,,,
,2645,0,,,,,,,,
,2648,0,,,,,,,,
,2654,0,,,,,,,,
,2656,0,,,,,,,,
,2665,0,,,,,,,,
,2677,0,,,,,,,,
,2696,0,,,,,,,,
,2730,0,,,,,,,,
,2735,0,,,,,,,,
,2742,0,,,,,,,,
,2745,0,,,,,,,,
,2747,0,,,,,,,,
,2756,0,,,,,,,,
,2762,0,,,,,,,,
,2763,0,,,,,,,,
,2774,0,,,,,,,,
,2786,0,,,,,,,,
,2791,0,,,,,,,,
,2791,0,,,,,,,,
,2812,0,,,,,,,,
,2825,0,,,,,,,,
,2846,0,,,,,,,,
,2848,0,,,,,,,,
,2863,0,,,,,,,,
,2879,0,,,,,,,,
,2886,0,,,,,,,,
,2887,0,,,,,,,,
,2891,0,,,,,,,,
,2914,0,,,,,,,,
,2930,0,,,,,,,,
,2937,0,,,,,,,,
,3019,0,,,,,,,,
,3038,0,,,,,,,,
,3050,0,,,,,,,,
,3056,0,,,,,,,,
,3064,0,,,,,,,,
,3064,0,,,,,,,,
,3065,0,,,,,,,,
,3082,0,,,,,,,,
,3089,0,,,,,,,,
,3103,0,,,,,,,,
,3113,0,,,,,,,,
,3130,0,,,,,,,,
,3142,0,,,,,,,,
,3161,0,,,,,,,,
,3163,0,,,,,,,,
,3168,0,,,,,,,,
,3169,0,,,,,,,,
,3175,0,,,,,,,,
,3175,0,,,,,,,,
,3221,0,,,,,,,,
,3239,0,,,,,,,,
,3246,0,,,,,,,,
,3261,0,,,,,,,,
,3267,0,,,,,,,,
,3270,0,,,,,,,,
,3271,0,,,,,,,,
,3275,0,,,,,,,,
,3280,0,,,,,,,,
,3292,0,,,,,,,,
,3298,0,,,,,,,,
,3303,0,,,,,,,,
,3322,0,,,,,,,,
,3360,0,,,,,,,,
,3373,0,,,,,,,,
,3379,0,,,,,,,,
,3383,0,,,,,,,,
,3390,0,,,,,,,,
,3434,0,,,,,,,,
,3447,0,,,,,,,,
,3449,0,,,,,,,,
,3456,0,,,,,,,,
,3479,0,,,,,,,,
,3487,0,,,,,,,,
,3490,0,,,,,,,,
,3493,0,,,,,,,,
,3499,0,,,,,,,,
,3518,0,,,,,,,,
,3522,0,,,,,,,,
,3553,0,,,,,,,,
,3558,0,,,,,,,,
,3560,0,,,,,,,,
,3571,0,,,,,,,,
,3588,0,,,,,,,,
,3589,0,,,,,,,,
,3592,0,,,,,,,,
,3612,0,,,,,,,,
,3645,0,,,,,,,,
,3663,0,,,,,,,,
,3672,0,,,,,,,,
,3676,0,,,,,,,,
,3689,0,,,,,,,,
,3690,0,,,,,,,,
,3693,0,,,,,,,,
,3693,0,,,,,,,,
,3732,0,,,,,,,,
,3739,0,,,,,,,,
,3769,0,,,,,,,,
,3773,0,,,,,,,,
,3780,0,,,,,,,,
,3788,0,,,,,,,,
,3795,0,,,,,,,,
,3796,0,,,,,,,,
,3806,0,,,,,,,,
,3820,0,,,,,,,,
,3836,0,,,,,,,,
,3841,0,,,,,,,,
,3845,0,,,,,,,,
,3855,0,,,,,,,,
,3858,0,,,,,,,,
,3869,0,,,,,,,,
,3869,0,,,,,,,,
,3892,0,,,,,,,,
,3895,0,,,,,,,,
,3895,0,,,,,,,,
,3897,0,,,,,,,,
,3910,0,,,,,,,,
,3914,0,,,,,,,,
,3915,0,,,,,,,,
,3945,0,,,,,,,,
,3965,0,,,,,,,,
,3986,0,,,,,,,,
,4012,0,,,,,,,,
,4022,0,,,,,,,,
,4038,0,,,,,,,,
,4043,0,,,,,,,,
,4069,0,,,,,,,,
,4091,0,,,,,,,,
,4095,0,,,,,,,,
,4098,0,,,,,,,,
,4098,0,,,,,,,,
,4102,0,,,,,,,,
,4102,0,,,,,,,,
,4104,0,,,,,,,,
,4114,0,,,,,,,,
,4125,0,,,,,,,,
,4131,0,,,,,,,,
,4132,0,,,,,,,,
,4160,0,,,,,,,,
,4163,0,,,,,,,,
,4166,0,,,,,,,,
,4184,0,,,,,,,,
,4184,0,,,,,,,,
,4214,0,,,,,,,,
,4277,0,,,,,,,,
,4279,0,,,,,,,,
,4295,0,,,,,,,,
,4326,0,,,,,,,,
,4338,0,,,,,,,,
,4357,0,,,,,,,,
,4377,0,,,,,,,,
,4395,0,,,,,,,,
,4407,0,,,,,,,,
,4417,0,,,,,,,,
,4424,0,,,,,,,,
,4432,0,,,,,,,,
,4450,0,,,,,,,,
,4469,0,,,,,,,,
,4479,0,,,,,,,,
,4482,0,,,,,,,,
,4490,0,,,,,,,,
,4516,0,,,,,,,,
,4517,0,,,,,,,,
,4532,0,,,,,,,,
,4536,0,,,,,,,,
,4544,0,,,,,,,,
,4547,0,,,,,,,,
,4550,0,,,,,,,,
,4555,0,,,,,,,,
,4559,0,,,,,,,,
,4562,0,,,,,,,,
,4570,0,,,,,,,,
,4574,0,,,,,,,,
,4585,0,,,,,,,,
,4588,0,,,,,,,,
,4595,0,,,,,,,,
,4604,0,,,,,,,,
,4611,0,,,,,,,,
,4617,0,,,,,,,,
,4627,0,,,,,,,,
,4630,0,,,,,,,,
,4636,0,,,,,,,,
,4651,0,,,,,,,,
,4652,0,,,,,,,,
,4676,0,,,,,,,,
,4678,0,,,,,,,,
,4682,0,,,,,,,,
,4694,0,,,,,,,,
,4699,0,,,,,,,,
,4718,0,,,,,,,,
,4729,0,,,,,,,,
,4730,0,,,,,,,,
,4743,0,,,,,,,,
,4778,0,,,,,,,,
,4779,0,,,,,,,,
,4785,0,,,,,,,,
,4811,0,,,,,,,,
,4811,0,,,,,,,,
,4818,0,,,,,,,,
,4828,0,,,,,,,,
,4843,0,,,,,,,,
,4848,0,,,,,,,,
,4871,0,,,,,,,,
,4875,0,,,,,,,,
,4875,0,,,,,,,,
,4879,0,,,,,,,,
,4885,0,,,,,,,,
,4885,0,,,,,,,,
,4895,0,,,,,,,,
,4897,0,,,,,,,,
,4901,0,,,,,,,,
,4904,0,,,,,,,,
,4919,0,,,,,,,,
,4939,0,,,,,,,,
,4941,0,,,,,,,,
,4953,0,,,,,,,,
,4959,0,,,,,,,,
,4961,0,,,,,,,,
,4976,0,,,,,,,,
,4996,0,,,,,,,,
,5011,0,,,,,,,,
,5044,0,,,,,,,,
,5054,0,,,,,,,,
,5055,0,,,,,,,,
,5062,0,,,,,,,,
,5071,0,,,,,,,,
,5076,0,,,,,,,,
,5078,0,,,,,,,,
,5102,0,,,,,,,,
,5117,0,,,,,,,,
,5119,0,,,,,,,,
,5127,0,,,,,,,,
,5144,0,,,,,,,,
,5165,0,,,,,,,,
,5166,0,,,,,,,,
,5179,0,,,,,,,,
,5190,0,,,,,,,,
,5206,0,,,,,,,,
,5212,0,,,,,,,,
,5214,0,,,,,,,,
,5215,0,,,,,,,,
,5219,0,,,,,,,,
,5223,0,,,,,,,,
,5240,0,,,,,,,,
,5253,0,,,,,,,,
,5312,0,,,,,,,,
,5342,0,,,,,,,,
,5344,0,,,,,,,,
,5348,0,,,,,,,,
,5362,0,,,,,,,,
,5367,0,,,,,,,,
,5380,0,,,,,,,,
,5388,0,,,,,,,,
,5397,0,,,,,,,,
,5403,0,,,,,,,,
,5415,0,,,,,,,,
,5416,0,,,,,,,,
,5423,0,,,,,,,,
,5424,0,,,,,,,,
,5431,0,,,,,,,,
,5467,0,,,,,,,,
,5476,0,,,,,,,,
,5485,0,,,,,,,,
,5487,0,,,,,,,,
,5491,0,,,,,,,,
,5516,0,,,,,,,,
,5523,0,,,,,,,,
,5531,0,,,,,,,,
,5571,0,,,,,,,,
,5572,0,,,,,,,,
,5581,0,,,,,,,,
,5585,0,,,,,,,,
,5604,0,,,,,,,,
,5606,0,,,,,,,,
,5609,0,,,,,,,,
,5619,0,,,,,,,,
,5632,0,,,,,,,,
,5644,0,,,,,,,,
,5644,0,,,,,,,,
,5649,0,,,,,,,,
,5657,0,,,,,,,,
,5662,0,,,,,,,,
,5672,0,,,,,,,,
,5675,0,,,,,,,,
,5678,0,,,,,,,,
,5679,0,,,,,,,,
,5681,0,,,,,,,,
,5686,0,,,,,,,,
,5687,0,,,,,,,,
,5704,0,,,,,,,,
,5722,0,,,,,,,,
,5724,0,,,,,,,,
,5747,0,,,,,,,,
,5757,0,,,,,,,,
,5761,0,,,,,,,,
,5778,0,,,,,,,,
,5781,0,,,,,,,,
,5796,0,,,,,,,,
,5802,0,,,,,,,,
,5809,0,,,,,,,,
,5817,0,,,,,,,,
,5826,0,,,,,,,,
,5827,0,,,,,,,,
,5832,0,,,,,,,,
,5849,0,,,,,,,,
,5849,0,,,,,,,,
,5856,0,,,,,,,,
,5908,0,,,,,,,,
,5909,0,,,,,,,,
,5917,0,,,,,,,,
,5918,0,,,,,,,,
,5928,0,,,,,,,,
,5952,0,,,,,,,,
,5962,0,,,,,,,,
,5966,0,,,,,,,,
,5971,0,,,,,,,,
,5975,0,,,,,,,,
,5985,0,,,,,,,,
,6005,0,,,,,,,,
,6014,0,,,,,,,,
,6022,0,,,,,,,,
,6023,0,,,,,,,,
,6024,0,,,,,,,,
,6035,0,,,,,,,,
,6035,0,,,,,,,,
,6040,0,,,,,,,,
,6046,0,,,,,,,,
,6050,0,,,,,,,,
,6052,0,,,,,,,,
,6054,0,,,,,,,,
,6062,0,,,,,,,,
,6064,0,,,,,,,,
,6082,0,,,,,,,,
,6085,0,,,,,,,,
,6089,0,,,,,,,,
,6094,0,,,,,,,,
,6104,0,,,,,,,,
,6106,0,,,,,,,,
,6117,0,,,,,,,,
,6122,0,,,,,,,,
,6128,0,,,,,,,,
,6140,0,,,,,,,,
,6146,0,,,,,,,,
,6168,0,,,,,,,,
,6193,0,,,,,,,,
,6193,0,,,,,,,,
,6204,0,,,,,,,,
,6208,0,,,,,,,,
,6209,0,,,,,,,,
,6213,0,,,,,,,,
,6213,0,,,,,,,,
,6216,0,,,,,,,,
,6218,0,,,,,,,,
,6220,0,,,,,,,,
,6220,0,,,,,,,,
,6223,0,,,,,,,,
,6242,0,,,,,,,,
,6251,0,,,,,,,,
,6263,0,,,,,,,,
,6273,0,,,,,,,,
,6279,0,,,,,,,,
,6282,0,,,,,,,,
,6302,0,,,,,,,,
,6310,0,,,,,,,,
,6315,0,,,,,,,,
,6317,0,,,,,,,,
,6339,0,,,,,,,,
,6351,0,,,,,,,,
,6362,0,,,,,,,,
,6373,0,,,,,,,,
,6380,0,,,,,,,,
,6394,0,,,,,,,,
,6411,0,,,,,,,,
,6427,0,,,,,,,,
,6430,0,,,,,,,,
,6437,0,,,,,,,,
,6439,0,,,,,,,,
,6442,0,,,,,,,,
,6458,0,,,,,,,,
,6476,0,,,,,,,,
,6476,0,,,,,,,,
,6491,0,,,,,,,,
,6492,0,,,,,,,,
,6507,0,,,,,,,,
,6509,0,,,,,,,,
,6532,0,,,,,,,,
,6560,0,,,,,,,,
,6579,0,,,,,,,,
,6586,0,,,,,,,,
,6598,0,,,,,,,,
,6606,0,,,,,,,,
,6607,0,,,,,,,,
,6619,0,,,,,,,,
,6625,0,,,,,,,,
,6632,0,,,,,,,,
,6644,0,,,,,,,,
,6646,0,,,,,,,,
,6655,0,,,,,,,,
,6661,0,,,,,,,,
,6682,0,,,,,,,,
,6709,0,,,,,,,,
,6719,0,,,,,,,,
,6737,0,,,,,,,,
,6754,0,,,,,,,,
,6757,0,,,,,,,,
,6793,0,,,,,,,,
,6793,0,,,,,,,,
,6794,0,,,,,,,,
,6803,0,,,,,,,,
,6804,0,,,,,,,,
,6831,0,,,,,,,,
,6833,0,,,,,,,,
,6841,0,,,,,,,,
,6847,0,,,,,,,,
,6854,0,,,,,,,,
,6858,0,,,,,,,,
,6865,0,,,,,,,,
,6882,0,,,,,,,,
,6883,0,,,,,,,,
,6900,0,,,,,,,,
,6908,0,,,,,,,,
,6919,0,,,,,,,,
,6926,0,,,,,,,,
,6940,0,,,,,,,,
,6947,0,,,,,,,,
,6959,0,,,,,,,,
,6961,0,,,,,,,,
,6969,0,,,,,,,,
,6969,0,,,,,,,,
,6971,0,,,,,,,,
,7006,0,,,,,,,,
,7018,0,,,,,,,,
,7023,0,,,,,,,,
,7024,0,,,,,,,,
,7030,0,,,,,,,,
,7031,0,,,,,,,,
,7074,0,,,,,,,,
,7077,0,,,,,,,,
,7109,0,,,,,,,,
,7126,0,,,,,,,,
,7135,0,,,,,,,,
,7140,0,,,,,,,,
,7142,0,,,,,,,,
,7145,0,,,,,,,,
,7155,0,,,,,,,,
,7164,0,,,,,,,,
,7181,0,,,,,,,,
,7191,0,,,,,,,,
,7192,0,,,,,,,,
,7194,0,,,,,,,,
,7198,0,,,,,,,,
,7207,0,,,,,,,,
,7210,0,,,,,,,,
,7234,0,,,,,,,,
,7244,0,,,,,,,,
,7259,0,,,,,,,,
,7265,0,,,,,,,,
,7268,0,,,,,,,,
,7270,0,,,,,,,,
,7280,0,,,,,,,,
,7296,0,,,,,,,,
,7302,0,,,,,,,,
,7312,2,,,,,,,,
,7329,0,,,,,,,,
,7333,0,,,,,,,,
,7335,0,,,,,,,,
,7348,0,,,,,,,,
,7373,0,,,,,,,,
,7384,0,,,,,,,,
,7387,0,,,,,,,,
,7388,0,,,,,,,,
,7389,0,,,,,,,,
,7391,0,,,,,,,,
,7401,0,,,,,,,,
,7411,1,,,,,,,,
,7427,0,,,,,,,,
,7437,0,,,,,,,,
,7437,0,,,,,,,,
,7448,0,,,,,,,,
,7448,0,,,,,,,,
,7451,0,,,,,,,,
,7459,0,,,,,,,,
,7470,0,,,,,,,,
,7471,0,,,,,,,,
,7501,0,,,,,,,,
,7535,0,,,,,,,,
,7537,0,,,,,,,,
,7573,0,,,,,,,,
,7587,0,,,,,,,,
,7592,0,,,,,,,,
,7594,0,,,,,,,,
,7614,0,,,,,,,,
,7620,0,,,,,,,,
,7631,0,,,,,,,,
,7632,0,,,,,,,,
,7641,0,,,,,,,,
,7648,0,,,,,,,,
,7650,0,,,,,,,,
,7703,0,,,,,,,,
,7704,0,,,,,,,,
,7712,0,,,,,,,,
,7752,0,,,,,,,,
,7771,0,,,,,,,,
,7775,0,,,,,,,,
,7803,0,,,,,,,,
,7809,0,,,,,,,,
,7813,0,,,,,,,,
,7836,0,,,,,,,,
,7840,0,,,,,,,,
,7843,0,,,,,,,,
,7845,0,,,,,,,,
,7851,0,,,,,,,,
,7854,0,,,,,,,,
,7865,0,,,,,,,,
,7868,0,,,,,,,,
,7870,0,,,,,,,,
,7870,0,,,,,,,,
,7882,0,,,,,,,,
,7888,0,,,,,,,,
,7896,0,,,,,,,,
,7920,0,,,,,,,,
,7962,0,,,,,,,,
,7966,0,,,,,,,,
,7970,0,,,,,,,,
,7991,0,,,,,,,,
,7995,0,,,,,,,,
,7999,0,,,,,,,,
,8003,0,,,,,,,,
,8006,0,,,,,,,,
,8006,0,,,,,,,,
,8012,0,,,,,,,,
,8018,0,,,,,,,,
,8052,0,,,,,,,,
,8058,0,,,,,,,,
,8067,0,,,,,,,,
,8072,0,,,,,,,,
,8083,0,,,,,,,,
,8125,0,,,,,,,,
,8134,0,,,,,,,,
,8142,0,,,,,,,,
,8145,0,,,,,,,,
,8164,0,,,,,,,,
,8200,0,,,,,,,,
,8208,0,,,,,,,,
,8214,0,,,,,,,,
,8225,0,,,,,,,,
,8235,0,,,,,,,,
,8247,0,,,,,,,,
,8252,0,,,,,,,,
,8256,0,,,,,,,,
,8258,0,,,,,,,,
,8281,0,,,,,,,,
,8292,0,,,,,,,,
,8295,0,,,,,,,,
,8311,0,,,,,,,,
,8334,0,,,,,,,,
,8353,0,,,,,,,,
,8362,0,,,,,,,,
,8371,0,,,,,,,,
,8371,0,,,,,,,,
,8377,0,,,,,,,,
,8383,0,,,,,,,,
,8404,0,,,,,,,,
,8425,0,,,,,,,,
,8427,0,,,,,,,,
,8427,0,,,,,,,,
,8427,0,,,,,,,,
,8438,0,,,,,,,,
,8450,0,,,,,,,,
,8457,0,,,,,,,,
,8460,0,,,,,,,,
,8466,0,,,,,,,,
,8484,0,,,,,,,,
,8490,0,,,,,,,,
,8506,0,,,,,,,,
,8507,0,,,,,,,,
,8511,0,,,,,,,,
,8526,0,,,,,,,,
,8526,0,,,,,,,,
,8530,0,,,,,,,,
,8562,0,,,,,,,,
,8576,0,,,,,,,,
,8578,0,,,,,,,,
,8583,0,,,,,,,,
,8592,0,,,,,,,,
,8599,0,,,,,,,,
,8601,0,,,,,,,,
,8602,0,,,,,,,,
,8606,0,,,,,,,,
,8609,0,,,,,,,,
,8617,0,,,,,,,,
,8618,0,,,,,,,,
,8621,0,,,,,,,,
,8622,0,,,,,,,,
,8640,0,,,,,,,,
,8642,0,,,,,,,,
,8658,0,,,,,,,,
,8665,0,,,,,,,,
,8666,0,,,,,,,,
,8672,0,,,,,,,,
,8690,0,,,,,,,,
,8702,0,,,,,,,,
,8711,0,,,,,,,,
,8715,0,,,,,,,,
,8747,0,,,,,,,,
,8747,0,,,,,,,,
,8755,0,,,,,,,,
,8764,0,,,,,,,,
,8767,1,,,,,,,,
,8768,0,,,,,,,,
,8772,0,,,,,,,,
,8807,0,,,,,,,,
,8811,0,,,,,,,,
,8812,0,,,,,,,,
,8817,0,,,,,,,,
,8850,0,,,,,,,,
,8855,0,,,,,,,,
,8883,0,,,,,,,,
,8910,0,,,,,,,,
,8914,0,,,,,,,,
,8961,0,,,,,,,,
,8963,0,,,,,,,,
,8988,0,,,,,,,,
,8989,0,,,,,,,,
,8989,0,,,,,,,,
,8998,0,,,,,,,,
,9008,0,,,,,,,,
,9017,0,,,,,,,,
,9021,0,,,,,,,,
,9039,0,,,,,,,,
,9039,0,,,,,,,,
,9062,0,,,,,,,,
,9083,0,,,,,,,,
,9086,0,,,,,,,,
,9103,0,,,,,,,,
,9106,0,,,,,,,,
,9107,0,,,,,,,,
,9116,0,,,,,,,,
,9120,0,,,,,,,,
,9125,0,,,,,,,,
,9145,0,,,,,,,,
,9146,0,,,,,,,,
,9146,0,,,,,,,,
,9165,0,,,,,,,,
,9172,0,,,,,,,,
,9179,0,,,,,,,,
,9187,0,,,,,,,,
,9197,0,,,,,,,,
,9210,0,,,,,,,,
,9212,0,,,,,,,,
,9225,0,,,,,,,,
,9232,0,,,,,,,,
,9233,0,,,,,,,,
,9244,0,,,,,,,,
,9257,0,,,,,,,,
,9260,0,,,,,,,,
,9261,0,,,,,,,,
,9266,0,,,,,,,,
,9273,0,,,,,,,,
,9284,0,,,,,,,,
,9288,0,,,,,,,,
,9298,0,,,,,,,,
,9344,0,,,,,,,,
,9393,0,,,,,,,,
,9400,0,,,,,,,,
,9449,0,,,,,,,,
,9459,0,,,,,,,,
,9467,0,,,,,,,,
,9496,0,,,,,,,,
,9507,0,,,,,,,,
,9518,0,,,,,,,,
,9518,0,,,,,,,,
,9521,0,,,,,,,,
,9522,0,,,,,,,,
,9529,0,,,,,,,,
,9533,0,,,,,,,,
,9545,0,,,,,,,,
,9548,0,,,,,,,,
,9550,0,,,,,,,,
,9566,0,,,,,,,,
,9572,0,,,,,,,,
,9588,0,,,,,,,,
,9599,0,,,,,,,,
,9627,0,,,,,,,,
,9633,0,,,,,,,,
,9634,0,,,,,,,,
,9635,0,,,,,,,,
,9640,0,,,,,,,,
,9651,0,,,,,,,,
,9657,0,,,,,,,,
,9662,0,,,,,,,,
,9679,0,,,,,,,,
,9684,0,,,,,,,,
,9686,0,,,,,,,,
,9688,0,,,,,,,,
,9710,0,,,,,,,,
,9713,0,,,,,,,,
,9715,0,,,,,,,,
,9716,0,,,,,,,,
,9721,0,,,,,,,,
,9734,0,,,,,,,,
,9744,0,,,,,,,,
,9761,0,,,,,,,,
,9785,0,,,,,,,,
,9806,0,,,,,,,,
,9807,0,,,,,,,,
,9825,0,,,,,,,,
,9842,0,,,,,,,,
,9870,0,,,,,,,,
,9873,0,,,,,,,,
,9874,0,,,,,,,,
,9881,0,,,,,,,,
,9889,0,,,,,,,,
,9890,0,,,,,,,,
,9900,0,,,,,,,,
,9907,0,,,,,,,,
,9935,0,,,,,,,,
,9944,0,,,,,,,,
,9961,0,,,,,,,,
,9964,0,,,,,,,,
,9964,0,,,,,,,,
,9971,0,,,,,,,,
,9972,0,,,,,,,,
,9972,0,,,,,,,,
,9973,0,,,,,,,,
,9991,0,,,,,,,,
,9995,0,,,,,,,,
